date,tavg,tmin,tmax,prcp,snow,wdir,wspd,wpgt,pres,tsun
2021-10-28,15.9,8.3,22.8,0,0,3,9.7,,1017.3,
2021-10-29,15.1,6.1,25.6,0,0,38,6.8,,1017.3,
2021-10-30,16.6,5.6,28.3,0,0,352,8.3,,1012.2,
2021-10-31,19.1,9.4,26.7,0,0,181,7.2,,1012.3,
2021-11-01,17.8,9.4,26.7,0,0,197,8.3,,1015.7,
2021-11-02,17.8,7.8,26.7,0,0,273,9.7,,1016,
2021-11-03,16.3,6.1,22.8,0,0,75,9.7,,1016.6,
2021-11-04,12.1,6.1,20,0,0,45,3.2,,1019.5,
2021-11-05,14.4,5.6,26.1,0,0,335,4,,1016.9,
2021-11-06,16.4,6.1,27.2,0,0,27,4.3,,1017,
2021-11-07,17.1,6.1,27.8,0,0,358,4.3,,1015.6,
2021-11-08,17.4,7.8,26.1,0,0,29,5.4,,1016.3,
2021-11-09,18.4,8.3,27.2,0,0,240,6.8,,1016.3,
2021-11-10,18.7,10,24.4,0,0,315,13.7,,1011.7,
2021-11-11,15.8,10,23.3,0,0,18,14.4,,1016.9,
2021-11-12,13.3,2.8,23.3,0,0,30,9,,1020.5,
2021-11-13,13.1,3.9,23.9,0,0,22,6.1,,1020.4,
2021-11-14,14.4,3.3,25,0,0,350,5.8,,1019.6,
2021-11-15,14.3,3.3,25.6,0,0,259,7.6,,1018.8,
2021-11-16,17.1,7.8,26.1,0,0,235,14,,1012.2,
2021-11-17,17.3,10.6,24.4,0,0,207,13.3,,1013.1,
2021-11-18,11.6,5,14.4,0,0,77,13.3,,1025.6,
2021-11-19,8.8,1.1,18.9,0,0,24,5,,1022,
2021-11-20,12.6,2.8,24.4,0,0,315,9,,1016.3,
2021-11-21,15.3,8.3,19.4,0,0,47,15.8,,1020.5,
2021-11-22,11.5,6.7,18.9,0,0,4,9.4,,1024.2,
2021-11-23,11.9,6.1,20.6,0,0,69,9,,1014.9,
2021-11-24,16.7,12.8,21.1,0.5,0,274,16.6,,1012.3,
2021-11-25,11.6,4.4,13.9,0.5,0,23,18.4,,1025,
2021-11-26,6.8,1.1,12.2,1,0,22,7.6,,1023.4,
2021-11-27,8.9,5.6,15.6,6.6,0,232,7.2,,1017.8,
2021-11-28,10.3,3.9,17.2,0,0,28,5.4,,1023.8,
2021-11-29,9.9,1.1,20,0,0,27,4,,1020.9,
2021-11-30,11.8,5.6,21.7,0,0,8,5.8,,1017.7,
2021-12-01,11.4,5,17.8,0,0,15,5.8,,1020.3,
2021-12-02,12.1,5.6,22.8,0,0,355,7.2,,1019.2,
2021-12-03,13.8,5,22.8,0,0,228,7.2,,1015.9,
2021-12-04,12.6,3.9,20.6,0,0,23,5.4,,1016.7,
2021-12-05,14.2,6.1,22.8,0,0,346,6.5,,1012.5,
2021-12-06,11.3,3.9,13.3,0,0,119,7.9,,1017.7,
2021-12-07,10.9,3.9,21.1,0,0,211,11.2,,1013.3,
2021-12-08,11.3,2.8,20,0,0,345,9,,1013.9,
2021-12-09,15.2,7.8,20.6,0,0,244,16.9,,1009.8,
2021-12-10,15.2,10.6,17.8,0.3,0,266,28.8,,1009.1,
2021-12-11,9.1,2.2,13.3,0,0,2,14,,1020.4,
2021-12-12,7.2,0.6,17.8,0,0,11,6.8,,1019.2,
2021-12-13,9.5,0.6,20,0,0,329,9,,1019.4,
2021-12-14,12.4,3.9,22.2,0,0,304,4.7,,1016.7,
2021-12-15,16.9,7.8,21.7,0,0,222,20.5,,1011.3,
2021-12-16,10.2,2.2,16.7,0,0,137,5.4,,1014.4,
2021-12-17,10.1,4.4,18.3,0,0,135,6.8,,1011.4,
2021-12-18,8.9,3.9,13.3,0,0,42,18.4,,1019,
2021-12-19,6.7,2.2,11.7,0,0,11,5.4,,1021.1,
2021-12-20,5.9,-1.6,15.6,0,0,353,4.7,,1020.9,
2021-12-21,6.8,-2.7,17.8,0,0,358,5.4,,1020.1,
2021-12-22,11.1,4.4,20.6,0,0,354,5,,1016.9,
2021-12-23,12.3,3.9,22.8,0,0,203,10.1,,1014.1,
2021-12-24,18.1,10,24.4,0,0,228,25.6,,1008,
2021-12-25,15.2,5.6,22.8,0,0,234,11.5,,1011.2,
2021-12-26,18.1,10,22.8,0,0,215,19.8,,1009,
2021-12-27,13.2,5.6,20,0,0,195,16.9,,1008.6,
2021-12-28,12.1,6.7,16.1,0,0,269,16.6,,1004.6,
2021-12-29,11.3,3.9,15.6,0,0,276,21.2,,1008.6,
2021-12-30,7.9,0,15,0,0,255,11.5,,1012.6,
2021-12-31,9.2,7.2,10,14.7,0,180,16.6,,1006.4,
2022-01-01,9.1,1.1,13.3,0.5,0,270,40.7,,1008.6,
2022-01-02,2.2,-4.3,6.7,0,0,9,7.9,,1027.8,
2022-01-03,1.3,-4.9,10,0,0,22,6.8,,1025.6,
2022-01-04,4.7,-3.8,16.7,0,0,294,16.6,,1019.1,
2022-01-05,9.7,-1.6,17.2,0,0,315,7.9,,1014.3,
2022-01-06,9.9,0.6,18.9,0,0,104,6.5,,1013.8,
2022-01-07,9.9,-0.5,21.1,0,0,261,9.7,,1011.9,
2022-01-08,14.9,10,20.6,0,0,253,18.7,,1011.4,
2022-01-09,11.7,5,11.7,0,0,40,11.9,,1024.8,
2022-01-10,6.5,4.4,8.3,0,0,21,14.8,,1032.3,
2022-01-11,6.3,1.7,12.8,0,0,11,6.5,,1027.5,
2022-01-12,6.3,-1.6,17.2,0,0,28,4.7,,1025.4,
2022-01-13,6.7,-3.2,17.8,0,0,11,5.4,,1022.7,
2022-01-14,10.1,0,21.7,0,0,320,13.3,,1014.3,
2022-01-15,9.9,1.7,11.1,0,0,81,8.6,,1024.9,
2022-01-16,4.7,-3.2,13.9,0,0,2,3.6,,1021.2,
2022-01-17,6.2,-2.7,18.3,0,0,310,9.4,,1017.2,
2022-01-18,13.6,6.7,19.4,0.3,0,272,15.8,,1012.4,
2022-01-19,11.8,6.1,16.7,0,0,251,13.3,,1014.5,
2022-01-20,6.8,-1,9.4,0,0,76,9.7,,1023.1,
2022-01-21,2.7,-3.2,11.7,0,0,138,5.4,,1019.9,
2022-01-22,6.3,0.6,12.2,0,0,46,18.4,,1019.1,
2022-01-23,4.4,-2.7,12.2,0,0,37,7.6,,1018.9,
2022-01-24,6.1,-1,15.6,0,0,357,7.6,,1012.5,
2022-01-25,10,2.8,17.8,0,0,208,13.7,,1011.7,
2022-01-26,9.2,1.1,14.4,0,0,189,10.1,,1016.4,
2022-01-27,7.6,-0.5,16.7,0,0,20,13,,1019,
2022-01-28,6.3,-1,11.1,0,0,20,10.1,,1030.2,
2022-01-29,4.7,-1.6,14.4,0,0,13,8.3,,1024.6,
2022-01-30,7.6,0,17.2,0,0,10,11.2,,1016.2,
2022-01-31,9.1,1.1,18.3,0,0,240,8.6,,1012.8,
2022-02-01,12.7,6.1,17.8,0,0,211,16.2,,1006.8,
2022-02-02,13,-1.6,14.4,7.4,30,197,17.3,,1005,
2022-02-03,-1.7,-6.6,0.6,2.8,50,16,12.2,,1021.5,
2022-02-04,-3.1,-7.7,3.9,0,0,17,4.3,,1034.3,
2022-02-05,0,-5.5,8.3,0,0,8,5,,1026.9,
2022-02-06,3.2,-4.3,13.9,0,0,37,11.5,,1021.8,
2022-02-07,6.1,-2.1,11.7,0,0,15,6.8,,1028.4,
2022-02-08,5.5,-3.8,16.1,0,0,17,5.4,,1022.4,
2022-02-09,8.3,1.1,18.3,0,0,28,9.4,,1018.1,
2022-02-10,9.1,-1,19.4,0,0,344,9.4,,1016.7,
2022-02-11,12.6,3.3,21.7,0,0,313,7.9,,1012.2,
2022-02-12,9.9,2.8,11.1,0,0,71,12.6,,1024.5,
2022-02-13,6.2,-2.1,16.7,0,0,39,5,,1027.1,
2022-02-14,8.9,-2.7,20.6,0,0,224,5.4,,1019.8,
2022-02-15,12,2.8,23.9,0,0,217,18.4,,1010.1,
2022-02-16,15.6,5,21.7,0,0,233,25.6,,1005.2,
2022-02-17,8.7,1.7,12.8,0,0,312,15.8,,1016.8,
2022-02-18,4.9,-3.8,15,0,0,29,5.8,,1022.8,
2022-02-19,7.7,-1.6,18.9,0,0,23,7.2,,1021.2,
2022-02-20,10.4,0.6,22.8,0,0,252,12.2,,1013.9,
2022-02-21,15.4,8.9,21.7,0,0,231,29.2,,1006.8,
2022-02-22,13.1,5,21.7,0,0,240,19.1,,1010,
2022-02-23,11.9,3.9,20,0,0,159,21.6,,1009.5,
2022-02-24,11.2,0.6,14.4,0,0,321,18,,1014.1,
2022-02-25,6.4,-1,15.6,0,0,76,8.3,,1018.6,
2022-02-26,8.8,0,20.6,0,0,312,8.3,,1018.5,
2022-02-27,10.9,1.7,18.3,0,0,13,10.8,,1024.4,
2022-02-28,10.3,3.3,20,0,0,16,12.6,,1020.6,
2022-03-01,14.5,9.4,23.3,0,0,10,11.2,,1016.4,
2022-03-02,14.8,5,26.1,0,0,17,7.9,,1016.1,
2022-03-03,16,6.7,25,0,0,24,7.6,,1014.5,
2022-03-04,18.5,11.1,26.1,0,0,241,23.8,,1009.1,
2022-03-05,16.3,7.8,22.8,0,0,242,19.1,,1009.7,
2022-03-06,14.2,8.9,16.7,0,0,273,27.7,,1011.1,
2022-03-07,9.6,0.6,17.2,0,0,83,13,,1015.5,
2022-03-08,7.2,-0.5,15,0,0,5,9.4,,1013,
2022-03-09,8.3,-1,18.9,0,0,302,15.8,,1009,
2022-03-10,13.2,2.8,21.7,0,0,230,21.6,,1006.6,
2022-03-11,9.8,-1,13.9,2.8,0,354,13.3,,1017.6,
2022-03-12,5.7,-1.6,15.6,0,0,94,6.1,,1023.8,
2022-03-13,9.1,-3.8,21.7,0,0,303,10.8,,1015.1,
2022-03-14,16.6,8.3,21.1,0,0,325,21.6,,1015.7,
2022-03-15,13.3,2.2,23.3,0,0,61,5.4,,1020.3,
2022-03-16,15.8,4.4,27.8,0,0,239,17.3,,1008.8,
2022-03-17,18.8,6.7,21.7,0,0,298,27.4,,1006.9,
2022-03-18,10.4,1.7,17.8,0,0,106,6.5,,1017.2,
2022-03-19,12.4,2.8,23.3,0,0,17,6.1,,1016.4,
2022-03-20,17.3,7.8,28.3,0,0,275,19.1,,1005.9,
2022-03-21,13.7,7.8,15,1,0,270,28.8,,1004.5,
2022-03-22,8.7,5.6,11.7,0,0,54,13,,1014.8,
2022-03-23,8.6,4.4,16.1,0,0,351,12.6,,1019.2,
2022-03-24,13.4,6.1,23.9,0,0,201,11.5,,1016.2,
2022-03-25,16.2,4.4,27.8,0,0,22,5.8,,1015.5,
2022-03-26,17.9,5.6,30.6,0,0,41,7.6,,1012.8,
2022-03-27,19.8,6.7,31.1,0,0,315,7.6,,1008.9,
2022-03-28,22.3,13.9,29.4,0,0,243,16.2,,1007.8,
2022-03-29,20.7,8.9,22.8,0,0,257,35.6,,1002.5,
2022-03-30,12.6,7.8,21.1,0,0,265,33.8,,1006.6,
2022-03-31,16.3,7.8,23.3,0,0,221,10.4,,1007.2,
2022-04-01,17.8,8.9,26.7,0,0,267,16.9,,1006.9,
2022-04-02,19.2,9.4,28.9,0,0,265,7.9,,1011.8,
2022-04-03,20.6,9.4,28.9,0,0,226,10.4,,1006.6,
2022-04-04,20.4,11.7,26.7,0,0,287,17.3,,1003.4,
2022-04-05,22.5,15,30.6,0,0,270,29.9,,1002.8,
2022-04-06,22.9,16.1,28.3,0,0,358,13.7,,1008.9,
2022-04-07,18.1,8.9,23.9,0,0,16,13.7,,1018.5,
2022-04-08,15.6,3.9,24.4,0,0,75,9.7,,1018.2,
2022-04-09,18.6,3.9,31.1,0,0,245,17.3,,1009.5,
2022-04-10,24.2,18.9,28.9,0,0,248,36,,1002,
2022-04-11,22.6,16.1,29.4,0,0,236,30.6,,1003.6,
2022-04-12,22.5,16.1,27.2,0,0,237,38.5,,1001.3,
2022-04-13,17.5,11.1,22.2,0,0,295,25.9,,1008.8,
2022-04-14,16.4,3.9,26.7,0,0,177,9.7,,1010.2,
2022-04-15,19.9,10.6,30.6,0,0,261,13.7,,1007.6,
2022-04-16,23.3,12.2,29.4,0,0,229,16.6,,1009,
2022-04-17,24.4,16.1,31.7,0,0,9,14,,1010.8,
2022-04-18,21.4,7.2,33.9,0,0,87,13.7,,1011.2,
2022-04-19,24.7,15.6,32.8,0,0,315,18.4,,1006.2,
2022-04-20,26.5,19.4,33.3,0,0,253,21.6,,1005.2,
2022-04-21,26.1,15.6,32.2,0,0,211,14.4,,1008.4,
2022-04-22,26.1,18.3,33.3,0,0,223,32,,1004.6,
2022-04-23,22.6,15.6,27.8,0,0,302,18.4,,1005.1,
2022-04-24,19.7,8.3,27.2,0,0,322,13.3,,1007.5,
2022-04-25,19.9,11.7,26.1,0,0,75,19.8,,1013.9,
2022-04-26,18.9,11.7,27.2,0,0,113,18.7,,1016.7,
2022-04-27,22.7,16.1,32.8,0,0,271,14,,1009,
2022-04-28,25.9,15,31.7,0,0,247,23.8,,1005.1,
2022-04-29,25.2,20,29.4,0,0,282,24.1,,1004.1,
2022-04-30,22.7,10.6,30,0,0,80,12.2,,1007,
2022-05-01,23.7,15.6,32.8,0,0,261,18,,1003.7,
2022-05-02,25.9,18.9,31.7,0,0,267,26.6,,1004.5,
2022-05-03,25.4,18.9,31.1,0,0,240,20.5,,1005.5,
2022-05-04,25.9,21.1,31.1,0,0,270,24.5,,1004.2,
2022-05-05,23.1,13.3,29.4,0,0,327,13.3,,1009.8,
2022-05-06,24.3,15,34.4,0,0,223,15.1,,1008.6,
2022-05-07,27.7,18.9,35.6,0,0,247,23,,1004.1,
2022-05-08,28.2,20.6,34.4,0,0,247,31.3,,1001.3,
2022-05-09,26.8,20.6,33.3,0,0,243,27.7,,1003.5,
2022-05-10,27.2,15.6,35,0,0,220,9.7,,1008,
2022-05-11,28.2,17.2,36.1,0,0,235,17.6,,1007.3,
2022-05-12,28.5,20,32.8,0,0,284,17.3,,1008.3,
2022-05-13,24.9,11.7,33.3,0,0,336,9,,1008.9,
2022-05-14,24.1,12.2,35.6,0,0,4,8.6,,1010,
2022-05-15,25.3,10,37.2,0,0,17,5,,1008.8,
2022-05-16,27.9,16.1,38.3,0,0,243,11.5,,1005.5,
2022-05-17,30.7,24.4,35.6,0,0,258,23.4,,1006,
2022-05-18,29.8,22.2,35.6,0,0,262,19.1,,1007.1,
2022-05-19,29.2,21.1,35,0,0,258,25.9,,1002.5,
2022-05-20,27.8,22.8,33.3,0,0,256,32,,999.5,
2022-05-21,26.6,18.3,33.3,0,0,224,13.3,,1006.7,
2022-05-22,22.1,15.6,24.4,0,0,91,16.9,,1014.1,
2022-05-23,21.7,13.9,33.3,0,0,205,15.8,,1006.3,
2022-05-24,26.2,15.6,31.7,0,0,281,22,,1001.9,
2022-05-25,21.4,11.1,32.2,0,0,192,8.6,,1008.3,
2022-05-26,25.6,15.6,36.1,0,0,18,8.3,,1009,
2022-05-27,28.9,17.8,39.4,0,0,229,11.9,,1008.1,
2022-05-28,32.6,24.4,38.9,0,0,235,25.9,,1002.6,
2022-05-29,29.2,22.8,35.6,0,0,242,30.6,,997.8,
2022-05-30,27.6,21.7,33.9,0,0,261,22.7,,1000.7,
2022-05-31,27.6,17.8,35,0,0,259,9.4,,1002.9,
2022-06-01,28.8,17.2,37.8,0,0,3,13.3,,1004.1,
2022-06-02,26.8,20,33.9,3,0,81,12.2,,1007.1,
2022-06-03,25.8,18.3,36.7,0,0,174,13.3,,1005.3,
2022-06-04,30.6,20,36.7,0,0,300,16.9,,1003.5,
2022-06-05,30.8,23.3,36.7,0,0,288,18.4,,1002.6,
2022-06-06,31.8,23.9,38.3,0,0,268,18,,1002,
2022-06-07,33.3,26.1,40,0,0,253,16.2,,1003,
2022-06-08,32.7,24.4,41.1,0,0,38,19.4,,1004.6,
2022-06-09,29.2,22.2,37.2,0,0,69,9.4,,1008.4,
2022-06-10,31.4,22.2,40.6,0,0,292,7.2,,1006.3,
2022-06-11,33.4,24.4,41.7,0,0,227,9.4,,1004.4,
2022-06-12,35.4,26.1,41.1,0,0,299,18.4,,1003.3,
2022-06-13,34.9,28.3,40.6,0,0,283,22.7,,1002.3,
2022-06-14,32.8,26.7,38.9,0,0,256,20.5,,1003.5,
2022-06-15,31.6,22.8,38.9,0,0,203,11.9,,1005,
2022-06-16,32.6,23.3,39.4,0.5,0,109,15.8,,1007.1,
2022-06-17,29.5,22.2,37.2,0,0,155,14.4,,1007.6,
2022-06-18,30.4,22.8,37.2,0,0,275,15.8,,1006.9,
2022-06-19,31.1,20,35.6,9.7,0,354,15.8,,1008.9,
2022-06-20,23.2,18.9,29.4,7.6,0,102,7.9,,1012.7,
2022-06-21,22.4,18.9,26.7,3.6,0,37,14.4,,1015.9,
2022-06-22,24.1,20,31.7,1.5,0,357,16.9,,1014.8,
2022-06-23,26.3,21.7,34.4,0,0,357,13.7,,1010.3,
2022-06-24,29.2,22.2,35.6,0,0,327,11.5,,1007.8,
2022-06-25,29.9,23.9,36.7,0,0,9,13,,1009.2,
2022-06-26,28,21.7,33.3,0,0,60,23.4,,1014.3,
2022-06-27,27,22.2,32.8,0,0,85,16.6,,1016.6,
2022-06-28,27.3,21.7,33.9,0,0,54,16.6,,1015.9,
2022-06-29,28.4,22.2,34.4,5.6,0,102,12.2,,1014.8,
2022-06-30,27.7,22.2,36.1,0,0,123,7.6,,1011.3,
2022-07-01,30.4,23.9,36.7,0,0,286,10.8,,1008.1,
2022-07-02,29.9,22.2,37.2,0.3,0,340,10.4,,1007.3,
2022-07-03,29.4,22.2,36.7,0,0,96,10.1,,1007.6,
2022-07-04,30,22.2,36.7,0,0,151,14.4,,1008.5,
2022-07-05,26.5,21.7,35,0,0,331,9.4,,1010.1,
2022-07-06,29.6,23.9,36.7,0,0,216,13.3,,1009.3,
2022-07-07,30.3,22.8,37.2,2.3,0,163,10.8,,1009.8,
2022-07-08,27.1,21.7,36.7,0.3,0,97,11.9,,1013.4,
2022-07-09,30.8,23.3,38.3,0,0,62,13,,1014.7,
2022-07-10,30.3,24.4,37.2,1,0,25,9,,1013,
2022-07-11,29.6,22.2,38.3,0.8,0,137,7.2,,1008.9,
2022-07-12,31.1,24.4,37.8,0,0,71,14,,1009.4,
2022-07-13,31.2,24.4,37.8,0,0,54,14.4,,1010.8,
2022-07-14,30.7,23.9,36.7,0,0,127,10.8,,1011.5,
2022-07-15,31.7,23.3,38.9,0,0,87,11.2,,1011.3,
2022-07-16,31.4,22.8,37.8,0,0,127,12.2,,1009.7,
2022-07-17,31.6,24.4,38.3,0,0,96,10.8,,1008.6,
2022-07-18,32.2,23.9,40,0,0,64,9.7,,1009.2,
2022-07-19,33.6,25,41.7,0,0,179,9,,1007.3,
2022-07-20,34.9,28.3,42.2,0,0,338,15.1,,1006.7,
2022-07-21,33.7,27.2,40.6,0,0,69,13.7,,1007,
2022-07-22,32.6,27.2,38.3,0,0,153,14,,1007.5,
2022-07-23,32,25,38.3,0,0,130,10.8,,1007.7,
2022-07-24,29.9,23.3,36.1,0.3,0,127,14.4,,1008.8,
2022-07-25,28.8,22.2,35.6,1.3,0,235,13.7,,1009.2,
2022-07-26,28.2,21.1,35,0,0,212,16.9,,1010.1,
2022-07-27,27.4,22.2,33.3,0,0,181,11.9,,1010.8,
2022-07-28,28.7,21.7,36.1,0,0,138,10.4,,1009.1,
2022-07-29,29.2,22.2,35.6,0,0,14,11.9,,1009.8,
2022-07-30,28.2,22.2,36.1,0,0,71,10.8,,1011.3,
2022-07-31,30.4,22.8,37.8,0,0,17,14.4,,1011.7,
2022-08-01,31.8,23.9,40,0,0,81,8.6,,1009.8,
2022-08-02,32.1,23.9,39.4,2.8,0,66,12.6,,1007.5,
2022-08-03,31,22.2,38.9,0.3,0,178,15.1,,1006.1,
2022-08-04,29.1,20,37.8,0.8,0,353,12.6,,1009.5,
2022-08-05,30.3,22.2,38.3,0,0,20,13.3,,1008.9,
2022-08-06,31.1,24.4,37.8,0,0,89,13.3,,1008.5,
2022-08-07,30.7,24.4,37.2,0,0,60,9,,1010.5,
2022-08-08,27.7,21.7,34.4,0,0,55,8.6,,1011.9,
2022-08-09,28.3,21.7,35.6,0,0,51,11.2,,1011.9,
2022-08-10,28.3,21.7,36.1,0,0,53,14.4,,1013.5,
2022-08-11,28.7,22.8,31.1,0,0,29,16.2,,1014.4,
2022-08-12,26,21.7,35.6,1,0,39,13,,1013.9,
2022-08-13,26.8,23.3,34.4,0,0,327,10.4,,1012.7,
2022-08-14,29.7,22.2,36.7,0,0,87,9.4,,1009.5,
2022-08-15,30.8,22.8,36.7,0,0,118,12.6,,1006.9,
2022-08-16,27.7,20,32.2,0.8,0,62,15.8,,1009.1,
2022-08-17,21.8,19.4,25.6,23.1,0,46,13,,1012.7,
2022-08-18,23.6,21.1,29.4,0,0,63,15.1,,1012.1,
2022-08-19,24.8,20,30,11.4,0,112,13,,1009.1,
2022-08-20,23.7,19.4,29.4,18.8,0,174,15.5,,1010,
2022-08-21,23.4,21.1,29.4,0.5,0,277,10.8,,1012.8,
2022-08-22,24.8,21.7,31.7,11.7,0,53,6.1,,1012.7,
2022-08-23,24.1,21.7,28.3,0,0,80,9.7,,1011,
2022-08-24,24.9,21.7,29.4,0,0,72,10.4,,1012.1,
2022-08-25,25.3,20.6,31.7,0,0,43,10.4,,1013.6,
2022-08-26,26.8,21.1,32.8,0,0,102,8.6,,1011.4,
2022-08-27,27.5,21.7,34.4,0,0,154,9,,1007.4,
2022-08-28,27,22.8,35.6,0,0,226,9.4,,1005.2,
2022-08-29,28.9,22.2,36.1,0,0,37,10.8,,1007.1,
2022-08-30,25.3,19.4,30,0,0,57,17.3,,1013.7,
2022-08-31,23.7,20.6,27.8,1,0,77,13,,1014.5,
2022-09-01,22.6,20,27.8,0,0,60,12.6,,1012.6,
2022-09-02,24.3,20.6,31.7,0,0,62,8.6,,1012,
2022-09-03,25.3,21.1,31.1,0,0,74,15.5,,1015.1,
2022-09-04,25.6,20,31.1,0,0,73,13.7,,1014.2,
2022-09-05,25,18.3,32.2,0,0,111,7.9,,1012,
2022-09-06,25.9,17.2,33.3,0,0,85,9.4,,1014.6,
2022-09-07,26.1,18.3,32.8,0,0,62,12.2,,1015.9,
2022-09-08,25.5,17.8,32.2,0,0,92,8.6,,1010.3,
2022-09-09,26.6,20.6,34.4,0,0,194,11.5,,1004.1,
2022-09-10,27.2,20.6,35,0,0,91,9.7,,1008.1,
2022-09-11,26.3,21.1,30,0,0,87,16.9,,1015.9,
2022-09-12,24.9,18.3,32.8,37.8,0,56,9,,1013.1,
2022-09-13,23.8,19.4,30.6,0.8,0,201,13,,1009.8,
2022-09-14,23.2,17.2,31.1,0,0,339,7.2,,1010.2,
2022-09-15,25.6,20,32.8,0,0,234,7.2,,1010.1,
2022-09-16,26.4,18.3,33.9,0,0,243,9.4,,1009.4,
2022-09-17,27.6,21.1,33.9,0,0,156,10.8,,1007.3,
2022-09-18,26.7,19.4,31.7,3.3,0,15,11.5,,1008.8,
2022-09-19,22.7,19.4,32.2,0,0,13,10.4,,1011.3,
2022-09-20,25.9,20.6,33.9,0,0,34,6.8,,1011.1,
2022-09-21,28.1,21.1,34.4,0,0,96,6.1,,1010.3,
2022-09-22,28.5,21.7,33.9,0,0,56,7.9,,1010.9,
2022-09-23,27.6,21.1,34.4,0,0,122,7.2,,1011,
2022-09-24,27.6,18.9,35.6,0,0,339,9.4,,1011.3,
2022-09-25,27.2,22.8,30,0,0,17,14.8,,1012.4,
2022-09-26,26.6,21.7,31.7,0,0,87,16.6,,1015.3,
2022-09-27,24.5,16.7,31.1,0,0,98,11.9,,1016.2,
2022-09-28,25,17.2,31.1,0,0,87,14.8,,1017.8,
2022-09-29,23.2,15.6,29.4,0,0,92,9.7,,1016.9,
2022-09-30,23.2,14.4,30.6,0,0,43,5.8,,1011.1,
2022-10-01,23.8,15.6,30.6,0,0,143,9.7,,1009.9,
2022-10-02,23.2,17.8,30,0,0,65,10.8,,1013.7,
2022-10-03,23.2,17.2,30,1,0,18,9.4,,1013.9,
2022-10-04,22,14.4,28.3,5.1,0,15,8.6,,1012.9,
2022-10-05,20.5,16.1,27.2,1.3,0,34,7.2,,1015.3,
2022-10-06,18.9,16.1,23.9,7.4,0,358,14.8,,1018.5,
2022-10-07,18.6,16.1,21.7,11.4,0,9,13.3,,1020,
2022-10-08,18.4,15.6,23.3,5.1,0,88,14.4,,1020.4,
2022-10-09,18.2,14.4,23.9,9.7,0,20,12.6,,1019.1,
2022-10-10,17.8,13.3,24.4,0.3,0,7,7.6,,1015.8,
2022-10-11,19.5,12.8,26.7,0,0,218,8.3,,1013,
2022-10-12,22.1,15,29.4,0,0,330,6.8,,1014.1,
2022-10-13,21.1,13.3,28.9,0,0,9,3.2,,1013.4,
2022-10-14,21.4,14.4,27.2,0,0,329,5.8,,1010.2,
2022-10-15,22.4,15,31.7,0,0,156,9.4,,1009.3,
2022-10-16,21.6,13.3,26.7,4.8,0,66,15.5,,1011.1,
2022-10-17,14.9,12.2,15.6,0.3,0,61,17.6,,1018,
2022-10-18,14.7,10.6,20.6,0,0,68,8.3,,1021.1,
2022-10-19,14.5,8.9,22.8,0,0,29,6.8,,1022.3,
2022-10-20,16.2,8.3,26.1,0,0,15,4,,1017.2,
2022-10-21,18.8,10,28.9,0,0,248,9.4,,1011.6,
2022-10-22,23.5,17.8,29.4,0,0,236,19.1,,1005.4,
2022-10-23,24.1,17.2,27.8,0,0,232,29.9,,1001.4,
2022-10-24,16.8,7.8,17.8,2.3,0,277,24.8,,1009.6,
2022-10-25,12.9,3.9,20.6,0,0,339,8.6,,1016,
2022-10-26,14.3,5,23.9,0,0,246,10.1,,1011.5,
2022-10-27,18.8,9.4,23.9,0,0,256,25.6,,1008.8,
2022-10-28,12.9,4.4,20,0,0,11,8.6,,1021.2,
2022-10-29,13.2,5.6,21.7,0,0,21,5,,1018.8,
2022-10-30,14.3,6.1,23.9,0,0,7,5,,1013.3,
2022-10-31,16.5,9.4,24.4,0,0,13,8.6,,1011.8,
2022-11-01,15.8,6.7,23.9,0,0,38,3.6,,1014.4,
2022-11-02,17.6,8.9,26.1,0,0,216,9.7,,1013.2,
2022-11-03,18.7,10.6,26.1,0,0,220,24.1,,1008,
2022-11-04,12.9,6.7,15.6,0,0,280,24.1,,1013.4,
2022-11-05,11.1,2.8,20,0,0,210,12.6,,1012.4,
2022-11-06,16.3,6.7,25.6,0,0,194,6.8,,1011.4,
2022-11-07,15.3,7.2,23.3,0,0,5,9.7,,1014.8,
2022-11-08,17.1,8.3,27.8,0,0,17,6.8,,1013.9,
2022-11-09,17.4,7.8,27.2,0,0,239,14.4,,1010.8,
2022-11-10,18.8,11.7,21.7,0,0,299,14.8,,1009.3,
2022-11-11,13.9,6.1,17.2,0,0,19,12.2,,1014.1,
2022-11-12,9.3,1.7,17.8,0,0,21,4.7,,1018.3,
2022-11-13,11,2.8,19.4,0,0,234,8.3,,1010.5,
2022-11-14,13.5,6.1,16.1,0,0,303,18.4,,1013.3,
2022-11-15,8.7,1.7,15,0,0,60,7.9,,1019.6,
2022-11-16,7.9,3.9,12.8,0,0,62,15.5,,1024.5,
2022-11-17,5.9,0,14.4,0,0,17,7.6,,1024.1,
2022-11-18,7.5,1.7,14.4,0,0,57,14.4,,1017.8,
2022-11-19,5.4,2.2,8.9,0,0,69,16.2,,1023.3,
2022-11-20,5.2,1.7,10,0,0,72,5,,1024.3,
2022-11-21,5.6,-2.7,15.6,0,0,23,6.5,,1023.4,
2022-11-22,7.8,1.1,17.8,0,0,18,11.5,,1020.1,
2022-11-23,10.7,1.7,20,0,0,331,11.9,,1013.2,
2022-11-24,11.5,2.8,15,0,0,18,15.1,,1016.2,
2022-11-25,6.1,2.2,7.8,3,0,42,16.6,,1023.1,
2022-11-26,7.6,2.2,18.3,0,0,244,24.5,,1014,
2022-11-27,13.9,7.2,18.9,0,0,283,16.9,,1012.6,
2022-11-28,12.3,5.6,19.4,0,0,216,21.2,,1009.1,
2022-11-29,15.8,8.3,21.7,0,0,232,18.4,,1008.3,
2022-11-30,11.6,3.9,18.9,0,0,44,7.9,,1017.6,
2022-12-01,9.4,1.7,19.4,0,0,30,6.5,,1017,
2022-12-02,14.3,6.1,26.1,0,0,200,16.9,,1015.7,
2022-12-03,15.8,7.8,20,0,0,62,9,,1021.2,
2022-12-04,13.5,6.7,17.8,2.3,0,30,5.8,,1018.6,
2022-12-05,16.1,12.2,22.2,0,0,217,14,,1011.1,
2022-12-06,16.4,9.4,22.2,0,0,244,8.6,,1011.8,
2022-12-07,15.2,10,17.2,0.3,0,127,7.2,,1016.7,
2022-12-08,12.9,7.2,20,0,0,13,6.8,,1019.1,
2022-12-09,12.7,8.3,16.7,0,0,29,10.8,,1015.1,
2022-12-10,11.7,5,20.6,0,0,2,8.3,,1016.3,
2022-12-11,10.2,0.6,20.6,0,0,357,6.8,,1015,
2022-12-12,12,3.3,21.7,0,0,219,25.6,,1005.2,
2022-12-13,6.7,-1,10.6,1.3,0,280,27.4,,1008.6,
2022-12-14,6.2,2.8,10.6,0,0,278,20.2,,1013.4,
2022-12-15,6.1,-2.1,11.7,0,0,188,13.3,,1014.5,
2022-12-16,7.4,1.7,10,0,0,16,14,,1016.9,
2022-12-17,3.8,-1.6,10.6,0,0,25,11.5,,1018.7,
2022-12-18,5,0.6,10.6,0.8,0,13,9.7,,1015.7,
2022-12-19,4.2,-3.2,14.4,0,0,32,6.1,,1020.7,
2022-12-20,6.9,-1.6,15,0,0,2,7.9,,1023.8,
2022-12-21,7.4,0.6,16.1,0,0,311,10.8,,1016,
2022-12-22,13.3,-2.7,20,0,0,274,22,,1013.5,
2022-12-23,0.6,-7.7,2.8,0,0,91,11.2,,1027.3,
2022-12-24,-1.1,-6,10,0,0,40,4.7,,1027.5,
2022-12-25,3.2,-5.5,14.4,0,0,69,6.5,,1024.6,
2022-12-26,6.3,-3.2,17.8,0,0,43,7.9,,1023.5,
2022-12-27,8.9,-0.5,18.3,0,0,175,10.4,,1017.3,
2022-12-28,14.7,9.4,20,0,0,218,25.9,,1007.2,
2022-12-29,12.4,5,16.1,0,0,288,11.2,,1012.3,
2022-12-30,10.2,6.1,14.4,4.1,0,309,13,,1014,
2022-12-31,12.1,7.2,17.8,0,0,237,19.1,,1012.7,
2023-01-01,12.6,6.7,19.4,0,0,172,11.5,,1008.3,
2023-01-02,11.2,4.4,14.4,2,0,289,21.6,,1007.9,
2023-01-03,8.4,5,13.3,0,0,301,21.6,,1013.9,
2023-01-04,9.7,4.4,15,0,0,242,18.4,,1019.4,
2023-01-05,9.1,2.2,18.3,0,0,23,6.8,,1021.1,
2023-01-06,10.4,1.1,21.7,0,0,248,8.3,,1017,
2023-01-07,11.4,4.4,16.7,0,0,15,13.3,,1021.4,
2023-01-08,8.7,0.6,19.4,0,0,10,7.9,,1021.7,
2023-01-09,10.8,2.2,21.1,0,0,300,9.7,,1019.8,
2023-01-10,12.8,5,20.6,0,0,220,10.4,,1017.5,
2023-01-11,13.2,6.1,18.9,0,0,243,19.1,,1019.1,
2023-01-12,10.2,0,15.6,0,0,28,13.7,,1029.5,
2023-01-13,6.5,-3.2,17.8,0,0,18,7.6,,1027.3,
2023-01-14,7.6,-2.7,20,0,0,79,9,,1018.3,
2023-01-15,15.6,12.2,20,0,0,228,30.2,,1010.6,
2023-01-16,11.1,8.3,11.7,1,0,271,15.5,,1012.6,
2023-01-17,10.7,6.7,13.9,1,0,235,13.7,,1006.8,
2023-01-18,6.7,0.6,10.6,0,0,257,23,,1013.2,
2023-01-19,4.9,-2.1,10.6,0,0,81,5.4,,1017.5,
2023-01-20,6,-4.3,17.8,0,0,313,13,,1014.4,
2023-01-21,7.1,-2.1,11.1,0,0,301,10.8,,1016.5,
2023-01-22,5.3,-3.8,13.3,0,0,88,5.8,,1013.4,
2023-01-23,8.9,2.2,17.2,1.8,0,324,12.2,,1006.4,
2023-01-24,5.4,0.6,11.1,0,0,292,19.1,,1015,
2023-01-25,6.1,-1,12.2,0,0,349,10.4,,1019.8,
2023-01-26,4.1,-1.6,9.4,0,0,35,12.6,,1024.5,
2023-01-27,2.8,-6.6,12.2,0,0,306,7.2,,1020,
2023-01-28,6.8,-2.7,18.9,0,0,257,10.8,,1013,
2023-01-29,10,1.1,20,0,0,214,8.6,,1011.6,
2023-01-30,12.1,3.3,21.7,0,0,225,11.9,,1011.1,
2023-01-31,11.7,2.2,15.6,0,0,166,11.9,,1013.3,
2023-02-01,5.3,0.6,11.7,0,0,75,6.1,,1017.1,
2023-02-02,6.7,-0.5,17.2,0,0,18,6.5,,1024.1,
2023-02-03,8.3,-1,16.7,0,0,75,8.3,,1027.2,
2023-02-04,9.9,1.1,20.6,0,0,359,6.8,,1020.8,
2023-02-05,12.1,1.7,24.4,0,0,218,7.9,,1017.3,
2023-02-06,16.2,5,25,0,0,232,19.1,,1007.8,
2023-02-07,10.3,2.8,13.3,0,0,68,11.2,,1016.5,
2023-02-08,5.9,-2.1,14.4,0,0,253,12.6,,1020,
2023-02-09,8.7,-0.5,13.9,0,0,28,20.2,,1020.5,
2023-02-10,3.4,-3.2,10,0,0,8,4,,1029.9,
2023-02-11,4.4,-4.3,16.1,0,0,50,9.4,,1022,
2023-02-12,10.5,1.1,21.7,0,0,18,7.9,,1013.3,
2023-02-13,11.8,2.2,20,0.8,0,269,20.9,,1006.7,
2023-02-14,7.6,3.3,15,0,0,240,31.3,,1006.1,
2023-02-15,8.5,3.3,10,0,0,306,30.2,,1007.8,
2023-02-16,4.9,0.6,9.4,0,0,12,14.4,,1020.9,
2023-02-17,3.2,-6.6,12.2,0,0,58,11.2,,1025.6,
2023-02-18,8.6,5,17.8,0,0,117,8.6,,1019.3,
2023-02-19,10.7,7.2,16.7,9.7,0,272,16.6,,1018.8,
2023-02-20,14.8,10,20,0,0,234,16.9,,1015.2,
2023-02-21,15.1,9.4,18.3,0,0,224,19.8,,1005.1,
2023-02-22,12.1,4.4,18.9,0,0,240,34.6,,1002.8,
2023-02-23,9.4,2.2,18.9,0,0,195,12.2,,1013,
2023-02-24,12.2,3.3,21.7,0,0,132,7.2,,1016.3,
2023-02-25,14.1,7.2,22.2,0,0,30,4.3,,1014.5,
2023-02-26,16.6,6.7,24.4,0,0,235,32.8,,1008.2,
2023-02-27,8.2,0.6,17.8,0,0,238,11.9,,1013.9,
2023-02-28,12.1,2.2,21.7,0,0,224,18,,1008.8,
2023-03-01,16.4,10,22.2,0,0,223,22,,1004,
2023-03-02,10.3,1.7,14.4,0.3,0,247,27.4,,1005,
2023-03-03,8,1.7,17.2,0,0,239,16.6,,1008.7,
2023-03-04,13.3,3.3,22.8,0,0,193,10.8,,1010.2,
2023-03-05,16.4,10,24.4,0,0,251,15.5,,1011,
2023-03-06,16.2,5.6,25.6,0,0,275,7.9,,1013.1,
2023-03-07,16.9,8.3,24.4,0,0,328,10.4,,1012.7,
2023-03-08,16.1,5.6,27.2,0,0,292,9.7,,1012,
2023-03-09,20,12.2,23.9,0,0,237,11.5,,1012.2,
2023-03-10,18.1,6.7,27.8,0,0,246,15.1,,1011.4,
2023-03-11,21.5,15,25.6,0,0,297,27.4,,1007.7,
2023-03-12,19.9,16.1,25,0,0,291,25.9,,1009.8,
2023-03-13,18.1,7.8,23.9,0,0,323,11.5,,1011.6,
2023-03-14,17.7,10,24.4,0,0,301,10.1,,1013.2,
2023-03-15,18.7,8.9,27.2,0,0,211,19.4,,1009.4,
2023-03-16,17.3,11.1,20,0.3,0,273,21.6,,1007.9,
2023-03-17,10.4,3.9,14.4,0.5,0,86,16.9,,1015.5,
2023-03-18,8.5,5,11.7,0,0,89,21.6,,1020.8,
2023-03-19,7.2,-0.5,14.4,0,0,126,14.4,,1022.1,
2023-03-20,11.8,5.6,23.3,0.3,0,214,18.4,,1010.4,
2023-03-21,19,13.9,26.1,0,0,236,32.8,,1007.6,
2023-03-22,20.2,13.3,26.7,0,0,228,18.4,,1009.7,
2023-03-23,18.6,9.4,22.8,0,0,304,20.2,,1009.4,
2023-03-24,13.6,10,17.2,0,0,285,28.4,,1011,
2023-03-25,12.6,5,19.4,0,0,267,13.3,,1010.4,
2023-03-26,13.3,3.3,22.2,0,0,313,13.7,,1009.4,
2023-03-27,15.1,5,23.3,0,0,338,14.8,,1013.6,
2023-03-28,13.4,6.7,18.9,0,0,73,20.5,,1019.7,
2023-03-29,14.1,6.1,27.2,0,0,183,11.2,,1012.1,
2023-03-30,20.7,12.8,27.2,0,0,233,30.6,,1003.8,
2023-03-31,16.4,9.4,21.1,0,0,292,21.6,,1013.2,
2023-04-01,15.9,6.1,27.8,0,0,106,10.1,,1015.3,
2023-04-02,21.3,15.6,27.8,0,0,262,20.5,,1008.6,
2023-04-03,20.7,8.9,29.4,0,0,221,24.5,,1003.2,
2023-04-04,20.6,8.3,25,0,0,256,33.1,,1000.5,
2023-04-05,10.6,3.3,16.7,0,0,22,13,,1014.3,
2023-04-06,13.4,5,22.8,0,0,61,20.9,,1015.2,
2023-04-07,15.2,7.8,22.2,0,0,85,15.1,,1016.3,
2023-04-08,17.3,8.3,27.8,0,0,59,8.6,,1013.6,
2023-04-09,20.5,10.6,30,0,0,353,5,,1013.4,
2023-04-10,21.7,13.3,30,0,0,83,15.5,,1016.4,
2023-04-11,23.2,15,31.1,0,0,146,10.8,,1014,
2023-04-12,23.2,13.3,31.7,0,0,177,9.7,,1006.4,
2023-04-13,25,18.3,30.6,0,0,222,24.8,,1000.1,
2023-04-14,22.1,15.6,26.7,0,0,254,31,,1003,
2023-04-15,21.2,16.1,26.7,0,0,324,15.8,,1012.1,
2023-04-16,18.8,10,27.8,0,0,91,13.7,,1015.5,
2023-04-17,22,13.9,31.7,0,0,306,16.2,,1006.5,
2023-04-18,25.2,18.9,30,0,0,263,27.4,,1003.7,
2023-04-19,24.1,18.3,30,0,0,265,24.8,,1004.8,
2023-04-20,22.9,16.7,28.3,0,0,298,21.2,,1009.6,
2023-04-21,20.7,13.3,27.2,0,0,319,17.3,,1013.6,
2023-04-22,21.9,11.7,30.6,0,0,334,11.5,,1006,
2023-04-23,17.8,8.9,23.9,0,0,103,13,,1009.3,
2023-04-24,17.7,9.4,30,0,0,226,15.8,,1006.5,
2023-04-25,24.5,17.2,30,0,0,265,23,,1003.2,
2023-04-26,21.6,12.2,27.2,0,0,4,16.9,,1007.5,
2023-04-27,19.1,8.9,29.4,0,0,270,14.4,,1008.8,
2023-04-28,24.5,11.7,27.8,0,0,30,22,,1008,
2023-04-29,15.8,7.8,27.8,0,0,147,6.5,,1017,
2023-04-30,22.7,12.2,34.4,0,0,252,10.1,,1008.3,
2023-05-01,26.3,20,32.8,0,0,183,12.2,,1003.3,
2023-05-02,26.6,18.3,31.1,0,0,265,11.5,,1004.8,
2023-05-03,24.1,14.4,32.2,0,0,253,11.9,,1005.9,
2023-05-04,25.1,18.9,30.6,0,0,233,19.1,,1005.5,
2023-05-05,24.3,13.9,31.7,0,0,237,24.8,,1007.4,
2023-05-06,24.8,16.1,30,0,0,235,15.5,,1009,
2023-05-07,24.6,11.7,32.2,0,0,241,11.2,,1009,
2023-05-08,24.9,13.3,33.9,0,0,242,9.4,,1007.6,
2023-05-09,25.8,14.4,34.4,0,0,218,11.5,,1005.9,
2023-05-10,27,18.3,32.8,0,0,247,25.9,,1003.7,
2023-05-11,22.4,12.8,28.9,0,0,257,17.6,,1006.2,
2023-05-12,23.9,15,32.8,0,0,232,9.4,,1005.6,
2023-05-13,24.6,17.2,29.4,0,0,86,22.3,,1008.7,
2023-05-14,22.7,18.3,28.9,0,0,73,10.8,,1015.2,
2023-05-15,24,18.9,31.1,0,0,93,14,,1017.5,
2023-05-16,23.9,17.2,32.2,0,0,83,9,,1013.7,
2023-05-17,25.3,17.8,33.3,1,0,249,15.8,,1008,
2023-05-18,25.2,21.1,31.7,0,0,243,15.1,,1007.7,
2023-05-19,25.4,16.1,32.2,0,0,173,12.2,,1011.4,
2023-05-20,23.8,16.1,28.3,1.8,0,74,19.4,,1016.3,
2023-05-21,21.3,13.9,31.7,0,0,352,10.4,,1013.6,
2023-05-22,25.2,16.7,33.9,0,0,329,10.4,,1008.6,
2023-05-23,27.1,18.3,35.6,0,0,254,10.4,,1007,
2023-05-24,30.3,24.4,35.6,0,0,266,12.6,,1005.4,
2023-05-25,28.5,18.3,35.6,0,0,181,12.6,,1004.4,
2023-05-26,28.7,21.1,36.1,0,0,179,11.2,,1005.4,
2023-05-27,30.2,24.4,35,0,0,227,19.4,,1005.5,
2023-05-28,27.9,18.9,34.4,0,0,242,15.1,,1006.1,
2023-05-29,27.4,19.4,35.6,0,0,221,11.2,,1006.7,
2023-05-30,29.6,20,36.1,0,0,255,11.5,,1004.8,
2023-05-31,30.2,23.3,35,0,0,257,18.7,,1001.6,
2023-06-01,27.8,22.8,31.7,0,0,274,18.7,,1004.1,
2023-06-02,27.5,23.3,32.2,0,0,283,17.3,,1005.1,
2023-06-03,26.9,17.8,33.9,0,0,337,9.7,,1005,
2023-06-04,27.5,20.6,34.4,0,0,72,12.2,,1006.5,
2023-06-05,25.9,19.4,33.3,0,0,75,16.2,,1008.8,
2023-06-06,26.8,18.3,34.4,0.8,0,112,18.4,,1008.3,
2023-06-07,23.2,16.1,33.9,0,0,256,15.5,,1007.6,
2023-06-08,28.9,19.4,35,0,0,270,12.2,,1007,
2023-06-09,28.8,21.7,32.2,0,0,273,18,,1007.8,
2023-06-10,27,16.7,36.1,0,0,251,14.4,,1006.4,
2023-06-11,30.2,19.4,37.8,0,0,229,20.5,,1004.9,
2023-06-12,30.2,25,35.6,0,0,261,25.9,,1005.8,
2023-06-13,28.3,17.2,35,0,0,293,17.6,,1006.3,
2023-06-14,28.8,17.8,36.7,0,0,258,17.3,,1004.9,
2023-06-15,31.3,23.9,37.2,0,0,274,24.8,,1004.6,
2023-06-16,32.8,25.6,38.3,0,0,251,20.9,,1007.3,
2023-06-17,31.3,21.7,38.3,0,0,283,16.9,,1007.4,
2023-06-18,31.6,22.8,38.9,0,0,249,13.7,,1006,
2023-06-19,33.8,26.7,39.4,0,0,283,18,,1006.6,
2023-06-20,33.8,25,38.9,0,0,284,11.9,,1007.5,
2023-06-21,32.9,24.4,40.6,0,0,246,13.3,,1006.3,
2023-06-22,33.8,25,41.7,0,0,237,17.3,,1005.5,
2023-06-23,33.9,23.3,41.7,0,0,246,16.9,,1006,
2023-06-24,34.4,24.4,41.7,0,0,245,15.5,,1007.6,
2023-06-25,35.1,23.9,42.2,0,0,356,8.6,,1008.4,
2023-06-26,34,22.8,43.3,0,0,99,10.8,,1006.4,
2023-06-27,36,26.1,42.8,0,0,189,12.2,,1003.9,
2023-06-28,34.9,26.7,41.7,0,0,246,13.7,,1004.1,
2023-06-29,33.6,26.7,40,0,0,229,14.4,,1004.6,
2023-06-30,34.1,29.4,38.3,0,0,254,13.3,,1005.6,
2023-07-01,32.3,22.8,40,0,0,203,12.2,,1006.7,
2023-07-02,31.4,23.9,39.4,0,0,115,13.7,,1008.1,
2023-07-03,29.4,22.2,38.9,0,0,66,10.8,,1008.4,
2023-07-04,29.6,22.8,39.4,0,0,94,7.9,,1008.2,
2023-07-05,33.2,25.6,41.7,0,0,170,11.9,,1007,
2023-07-06,33.9,26.7,41.1,0,0,136,13.7,,1006.3,
2023-07-07,34.8,27.8,42.8,0,0,194,16.6,,1003.9,
2023-07-08,35.5,28.3,42.2,0,0,143,14.8,,1003.5,
2023-07-09,33.9,25.6,41.7,0,0,93,11.2,,1005.7,
2023-07-10,34.6,25,41.7,5.6,0,153,10.4,,1007.2,
2023-07-11,32.9,26.1,40.6,1.3,0,206,15.8,,1008.4,
2023-07-12,32.3,25.6,40,0,0,262,18.4,,1008.1,
2023-07-13,34,27.2,40.6,0.8,0,257,15.5,,1006.7,
2023-07-14,33.5,26.7,41.7,0,0,221,11.9,,1005.6,
2023-07-15,34.4,29.4,39.4,0,0,195,12.2,,1007.5,
2023-07-16,32.7,26.7,40.6,0,0,45,10.4,,1009.9,
2023-07-17,34.9,26.1,42.8,0,0,123,9.4,,1009.4,
2023-07-18,34.9,24.4,42.8,0,0,158,9.4,,1009.3,
2023-07-19,34.8,24.4,43.9,0,0,178,7.9,,1008.9,
2023-07-20,36.2,27.8,42.8,0,0,74,13,,1008.6,
2023-07-21,34.4,26.7,41.7,0,0,76,15.5,,1007.9,
2023-07-22,33.2,27.8,38.3,0,0,94,17.6,,1010.7,
2023-07-23,31.6,26.1,37.8,0,0,91,9,,1013,
2023-07-24,31.8,23.3,40,0,0,155,8.3,,1013.8,
2023-07-25,33.4,25.6,40.6,0,0,128,8.6,,1012.1,
2023-07-26,33.8,23.9,42.2,0,0,118,10.8,,1009.4,
2023-07-27,34.6,25,41.1,0,0,96,14,,1008.9,
2023-07-28,33.3,23.9,40.6,0,0,106,13.7,,1010.3,
2023-07-29,33.2,27.2,38.9,0,0,104,16.6,,1011.8,
2023-07-30,31.9,25,36.1,0,0,108,17.3,,1012.2,
2023-07-31,31.2,25.6,37.8,0,0,155,11.2,,1011.8,
2023-08-01,30.8,25.6,38.9,0,0,167,13.7,,1012.2,
2023-08-02,31.2,24.4,40,0,0,8,9.7,,1011.3,
2023-08-03,30.1,25,38.3,0,0,188,9,,1010.3,
2023-08-04,33.2,25,41.7,0,0,71,7.6,,1007.5,
2023-08-05,35.2,27.2,42.8,0,0,113,7.9,,1007.3,
2023-08-06,36.2,27.2,44.4,0,0,355,7.6,,1007.4,
2023-08-07,35.8,26.1,42.8,0,0,3,16.9,,1009.3,
2023-08-08,31.3,26.1,38.9,0,0,290,15.5,,1010.8,
2023-08-09,31.3,23.9,39.4,0.3,0,326,18,,1008.1,
2023-08-10,33.1,26.1,38.9,0,0,290,18.7,,1007.2,
2023-08-11,30.7,23.3,37.2,0,0,231,20.2,,1009.3,
2023-08-12,29.7,23.9,36.7,0,0,240,15.5,,1010,
2023-08-13,31.6,26.7,36.7,0,0,257,11.2,,1009.1,
2023-08-14,28.9,21.1,33.9,6.9,0,61,20.5,,1013.9,
2023-08-15,25.7,18.3,34.4,8.6,0,100,13,,1016.3,
2023-08-16,30.8,24.4,37.2,0,0,168,6.5,,1011.7,
2023-08-17,31.9,23.9,39.4,0,0,164,9.4,,1008.9,
2023-08-18,33.1,25,38.9,0,0,118,16.9,,1008.2,
2023-08-19,32.1,24.4,37.8,0,0,98,16.2,,1008.1,
2023-08-20,32.3,26.1,37.8,0,0,107,23.4,,1010,
2023-08-21,31.5,25.6,36.7,0,0,129,16.6,,1012.5,
2023-08-22,30,23.3,35.6,0,0,104,14.8,,1012.1,
2023-08-23,24.3,19.4,26.7,9.4,0,14,14.4,,1013.7,
2023-08-24,22.9,18.9,34.4,0,0,24,10.1,,1013.5,
2023-08-25,29.4,24.4,35.6,0,0,59,12.2,,1011.5,
2023-08-26,30,23.9,36.7,0,0,57,15.8,,1011.5,
2023-08-27,30.7,24.4,37.2,0,0,56,11.2,,1010.6,
2023-08-28,30.4,24.4,37.2,0,0,86,9.4,,1010,
2023-08-29,27.4,20,33.3,11.4,0,67,11.5,,1013.4,
2023-08-30,28.1,22.8,35,0,0,52,9.4,,1012,
2023-08-31,29.2,21.7,36.7,0,0,99,6.8,,1008.8,
2023-09-01,30.2,22.2,37.8,0,0,136,9.7,,1009.5,
2023-09-02,29.7,21.7,37.2,0,0,140,7.6,,1011.9,
2023-09-03,29.9,20,37.8,0,0,163,7.9,,1009.2,
2023-09-04,31.3,22.8,37.8,0,0,242,17.6,,1005,
2023-09-05,31.9,22.8,37.8,0,0,289,9.4,,1007.7,
2023-09-06,30.4,20,40,0,0,39,8.3,,1009.9,
2023-09-07,32.4,23.9,40.6,0,0,155,10.4,,1009.1,
2023-09-08,33.1,24.4,41.1,0,0,21,12.6,,1010.1,
2023-09-09,31.9,22.2,40,0,0,57,11.2,,1010.9,
2023-09-10,31.4,23.9,38.9,0,0,122,10.1,,1010.3,
2023-09-11,32.6,24.4,37.8,1,0,14,15.8,,1008.3,
2023-09-12,25.7,20.6,28.9,3,0,59,13.3,,1013.2,
2023-09-13,24.2,20,31.1,0,0,333,14.4,,1011.5,
2023-09-14,26.4,19.4,33.9,0,0,249,12.2,,1009.6,
2023-09-15,25.9,19.4,34.4,0,0,14,11.9,,1010.4,
2023-09-16,27.1,20.6,31.7,0,0,69,16.9,,1012.7,
2023-09-17,26.2,21.1,32.8,0.5,0,90,11.2,,1014.3,
2023-09-18,26.3,19.4,34.4,0,0,349,7.6,,1010.9,
2023-09-19,29.1,21.7,35.6,0,0,241,13,,1007.7,
2023-09-20,27.7,18.9,37.2,0,0,300,11.5,,1007.6,
2023-09-21,25.9,19.4,32.2,0,0,335,10.1,,1010,
2023-09-22,28.3,21.1,36.1,0,0,251,9,,1009.4,
2023-09-23,28.8,20,36.7,0,0,307,8.3,,1008.5,
2023-09-24,28.6,21.1,35.6,0,0,344,11.5,,1009.6,
2023-09-25,27.5,19.4,35.6,0,0,37,11.5,,1012.5,
2023-09-26,28.4,18.9,35.6,13.7,0,131,10.8,,1012.4,
2023-09-27,23.8,16.7,35,0,0,31,5.4,,1011.2,
2023-09-28,27.7,19.4,36.7,0,0,184,9.4,,1007.8,
2023-09-29,28.9,21.1,36.1,0,0,203,9.4,,1006.8,
2023-09-30,29.2,16.7,35,5.8,0,149,13.7,,1007.9,
2023-10-01,25.6,20,32.8,0,0,161,11.5,,1009.1,
2023-10-02,26.7,20.6,33.9,0,0,206,15.8,,1007.6,
2023-10-03,26.7,20,31.7,0,0,254,11.5,,1007.2,
2023-10-04,26.1,18.3,31.7,0,0,295,12.2,,1008,
2023-10-05,24.2,18.3,31.7,0,0,47,13.7,,1014,
2023-10-06,23.8,16.1,30,0,0,98,15.5,,1016.3,
2023-10-07,22.1,16.1,26.7,0,0,96,15.5,,1018.3,
2023-10-08,21,12.8,28.3,0,0,75,4,,1014.3,
2023-10-09,22.4,14.4,30.6,0,0,132,5.8,,1008.3,
2023-10-10,23.3,15.6,31.7,0,0,255,8.3,,1003.7,
2023-10-11,24.4,16.7,32.2,0,0,199,19.8,,998.4,
2023-10-12,26.3,21.1,30.6,0,0,263,26.3,,999.2,
2023-10-13,23.3,17.2,28.3,0,0,20,13.3,,1009.8,
2023-10-14,21.2,15,28.3,0,0,70,9.4,,1015.9,
2023-10-15,21.3,15.6,28.9,0,0,74,10.1,,1018.6,
2023-10-16,20.5,13.9,28.3,0,0,81,7.6,,1019.2,
2023-10-17,22.2,12.2,31.7,0,0,311,6.8,,1012.7,
2023-10-18,25.2,18.3,33.3,0,0,326,9.4,,1009.9,
2023-10-19,23.4,13.9,32.2,0,0,59,4.7,,1014.3,
2023-10-20,23,13.9,32.8,0,0,21,6.8,,1012.5,
2023-10-21,24.2,16.7,31.1,0,0,194,7.2,,1007.7,
2023-10-22,25,16.1,30.6,0,0,196,11.5,,1006,
2023-10-23,22.9,16.1,28.9,0,0,72,8.3,,1003.4,
2023-10-24,22.1,14.4,27.2,8.9,0,5,14.8,,1006.6,
2023-10-25,16.2,12.2,21.7,0,0,233,15.5,,1012.1,
2023-10-26,17.8,11.1,25.6,0,0,214,12.6,,1011.8,
2023-10-27,18.9,11.1,27.2,0,0,17,6.1,,1013,
2023-10-28,20.8,12.8,28.9,0,0,237,9.7,,1009.1,
2023-10-29,20.5,4.4,25.6,0,0,139,17.3,,1011.5,
2023-10-30,6.6,2.2,11.1,0,0,100,15.5,,1025.2,
2023-10-31,7.6,1.7,15,0,0,71,10.8,,1026.1,
2023-11-01,9.7,1.7,19.4,0,0,9,7.2,,1023.1,
2023-11-02,12.8,5.6,22.8,0,0,356,9.4,,1019.4,
2023-11-03,15.4,4.4,25.6,0,0,337,4.3,,1017.7,
2023-11-04,15.4,5,27.8,0,0,12,5,,1017.5,
2023-11-05,17.9,10,28.9,0,0,44,7.2,,1014.9,
2023-11-06,19.9,11.1,30.6,0,0,202,8.6,,1012.2,
2023-11-07,21.4,11.1,30,0,0,227,18.4,,1010.1,
2023-11-08,24.9,17.8,29.4,0,0,257,18,,1008.1,
2023-11-09,19.6,10,21.7,0.5,0,100,15.1,,1012.8,
2023-11-10,10,7.8,11.1,4.8,0,75,10.1,,1018.9,
2023-11-11,11.2,8.3,17.8,0,0,40,8.6,,1020,
2023-11-12,12.4,6.1,19.4,0,0,49,10.1,,1021.4,
2023-11-13,14.8,12.8,17.8,0,0,62,12.2,,1022.4,
2023-11-14,14.2,10,19.4,0,0,34,4.7,,1020,
2023-11-15,14.4,7.8,22.8,0,0,17,6.1,,1017.7,
2023-11-16,16.2,11.1,22.2,0,0,249,11.9,,1013.7,
2023-11-17,18.3,13.3,26.1,0,0,133,7.6,,1014,
2023-11-18,21.1,17.2,28.3,0,0,218,11.2,,1010.3,
2023-11-19,19.8,14.4,21.7,0,0,291,25.9,,1006.3,
2023-11-20,15.3,10.6,17.8,0,0,345,21.6,,1013.4,
2023-11-21,12.1,6.1,16.1,0,0,53,13.3,,1027,
2023-11-22,9.2,0.6,16.7,0,0,214,7.2,,1022.2,
2023-11-23,9.3,0,17.8,0,0,189,7.9,,1012.3,
2023-11-24,11.7,3.9,20,0,0,163,9.7,,1012.4,
2023-11-25,11.3,5,18.3,0,0,312,13,,1012.1,
2023-11-26,11.2,6.1,15,0,0,30,15.5,,1018.7,
2023-11-27,8.4,3.3,15.6,0,0,7,12.2,,1021,
2023-11-28,9.7,5,17.2,0,0,10,11.9,,1021.7,
2023-11-29,11.9,6.1,19.4,0,0,14,8.3,,1011.8,
2023-11-30,13.2,7.8,15.6,1.5,0,281,24.1,,1006.7,
2023-12-01,11.2,5.6,16.7,0,0,244,14,,1010.6,
2023-12-02,10.7,6.1,15,0.5,0,258,16.6,,1016.6,
2023-12-03,11.2,3.9,17.8,0,0,247,15.5,,1018.1,
2023-12-04,10.3,0.6,19.4,0,0,21,2.9,,1019.3,
2023-12-05,12.1,5,22.2,0,0,12,11.5,,1022.5,
2023-12-06,12.2,5,22.2,0,0,21,8.6,,1021.3,
2023-12-07,12.9,3.9,23.3,0,0,258,11.2,,1012.7,
2023-12-08,16.2,10,22.8,0,0,235,24.1,,1008.9,
2023-12-09,11.9,2.2,13.3,0,0,27,23,,1021.6,
2023-12-10,4.4,-4.9,11.1,0,0,57,4.3,,1027.2,
2023-12-11,5.4,-2.1,17.2,0,0,15,3.6,,1019.3,
2023-12-12,9.3,3.9,18.3,0,0,13,9.4,,1015.7,
2023-12-13,11.4,3.3,20,0,0,59,13.3,,1015.8,
2023-12-14,13.5,6.7,19.4,0,0,296,12.6,,1017,
2023-12-15,10.6,3.3,17.2,0,0,5,13,,1022.7,
2023-12-16,8.9,1.1,17.8,0,0,23,9,,1023.9,
2023-12-17,8.1,-2.1,18.9,0,0,27,5.8,,1020.6,
2023-12-18,9.9,0,18.9,0,0,44,7.2,,1020.1,
2023-12-19,11.7,4.4,17.8,0,0,31,4.3,,1014.8,
2023-12-20,11.4,6.1,17.8,4.3,0,8,13,,1015.7,
2023-12-21,8.9,5.6,14.4,0,0,16,8.6,,1020,
2023-12-22,11.2,5.6,21.1,0,0,60,10.8,,1015.3,
2023-12-23,14.1,10,17.2,0.3,0,244,18,,1008.7,
2023-12-24,10.7,4.4,14.4,0,0,263,18.4,,1013.4,
2023-12-25,7.6,2.8,12.8,0,0,21,8.6,,1016.5,
2023-12-26,6.9,-1.6,13.3,0,0,304,9.4,,1015,
2023-12-27,5.4,-2.7,13.3,0,0,339,4,,1019.3,
2023-12-28,5.5,-2.7,14.4,0,0,16,7.6,,1020.9,
2023-12-29,6.1,-2.7,15,0,0,22,6.1,,1024.7,
2023-12-30,5.3,-3.2,14.4,0,0,21,4.7,,1020.9,
2023-12-31,6.6,-1.6,17.2,0,0,328,10.1,,1017.7,
2024-01-01,8.2,-1,17.8,0,0,7,7.9,,1019.4,
2024-01-02,10.6,3.9,15.6,0,0,346,11.2,,1016.8,
2024-01-03,8,0,15.6,0,0,49,6.1,,1016.2,
2024-01-04,8.7,5.6,10.6,0,0,268,22.3,,1009.7,
2024-01-05,7.4,2.2,12.8,0,0,271,18.4,,1011.9,
2024-01-06,8.6,2.2,12.8,0,0,286,13.3,,1014,
2024-01-07,6.4,-2.1,18.9,0.3,0,212,25.6,,1005.5,
2024-01-08,5.3,0.6,6.1,0,0,275,40.7,,1009.2,
2024-01-09,2.7,-5.5,10,0,0,215,10.4,,1016.4,
2024-01-10,7.4,1.7,16.1,0,0,226,15.5,,1008.7,
2024-01-11,11.4,3.3,16.1,0.5,0,259,46.8,,1004.1,
2024-01-12,6,2.2,12.2,0,0,266,30.6,,1014.6,
2024-01-13,9.2,0,17.2,0,0,255,24.5,,1012.5,
2024-01-14,12.4,6.7,19.4,0,0,231,20.2,,1009.3,
2024-01-15,14.8,5,18.9,0,0,288,19.8,,1010.8,
2024-01-16,4.6,-6,10,0,0,77,6.5,,1019.5,
2024-01-17,5.4,-3.8,19.4,0,0,346,10.1,,1015,
2024-01-18,17.1,10.6,22.8,0,0,280,19.4,,1013.7,
2024-01-19,11.8,3.9,14.4,0,0,69,9.7,,1020.2,
2024-01-20,6.2,0.6,13.3,0,0,84,8.6,,1018.3,
2024-01-21,9.8,5.6,16.7,0,0,10,8.3,,1012.1,
2024-01-22,10.5,2.8,17.8,0,0,324,11.2,,1010.2,
2024-01-23,11.6,7.2,15,2.3,0,178,11.2,,1009.6,
2024-01-24,10,7.8,14.4,0,0,251,15.5,,1013.7,
2024-01-25,10.4,5,15.6,0,0,233,17.6,,1014,
2024-01-26,10.9,7.2,16.1,3.6,0,320,17.3,,1016.2,
2024-01-27,8.9,1.7,15.6,0,0,19,3.6,,1025.6,
2024-01-28,9,1.7,17.8,0,0,14,9.7,,1025.8,
2024-01-29,10.9,4.4,20,0,0,4,11.2,,1022.3,
2024-01-30,13.2,6.7,21.7,0,0,8,12.6,,1019.2,
2024-01-31,16.6,12.2,22.2,0,0,225,13.7,,1015.5,
2024-02-01,15.3,8.9,23.9,0,0,155,7.2,,1010.3,
2024-02-02,14,6.7,14.4,2.5,0,255,28.8,,1004.8,
2024-02-03,8.6,5,12.8,0,0,275,46.4,,1006,
2024-02-04,9.8,6.1,16.7,0,0,288,17.6,,1015,
2024-02-05,9.8,2.2,18.9,0,0,33,7.6,,1017.8,
2024-02-06,11.8,8.3,16.1,0,0,11,7.9,,1011.2,
2024-02-07,12.7,6.1,16.1,0.3,0,244,24.5,,1008,
2024-02-08,8.9,1.1,16.1,0,0,221,13.3,,1012.7,
2024-02-09,11.2,7.2,13.3,0,0,266,11.5,,1011.4,
2024-02-10,8.6,3.3,12.8,1,0,215,19.1,,1007.9,
2024-02-11,5.7,1.7,11.7,0,0,313,18.4,,1014.7,
2024-02-12,5.3,-1,14.4,0,0,169,6.5,,1018.6,
2024-02-13,8.1,0.6,18.9,0,0,37,9.4,,1015.3,
2024-02-14,11.4,2.2,20.6,0,0,256,13,,1015.3,
2024-02-15,12.9,2.2,20.6,0,0,217,11.9,,1016.3,
2024-02-16,14.1,3.9,21.7,0,0,307,11.9,,1013.1,
2024-02-17,10.8,2.2,12.8,0,0,110,12.2,,1017.4,
2024-02-18,5.3,-1.6,16.7,0,0,75,6.5,,1018,
2024-02-19,13.7,3.9,23.3,0,0,271,11.2,,1016.7,
2024-02-20,17.1,8.9,25.6,0,0,186,9.4,,1018.2,
2024-02-21,16.7,5.6,27.2,0,0,244,20.2,,1012.7,
2024-02-22,17.4,8.9,21.7,0,0,330,13.3,,1013.4,
2024-02-23,14.5,7.8,21.1,0,0,4,11.9,,1016.4,
2024-02-24,14.2,6.7,24.4,0,0,313,12.2,,1016.3,
2024-02-25,18.9,8.9,28.3,0,0,203,10.1,,1014.7,
2024-02-26,20.8,12.8,27.8,0,0,244,16.2,,1011,
2024-02-27,20.1,15.6,23.9,0,0,248,34.9,,1006.9,
2024-02-28,15.2,5,15.6,4.8,0,99,16.9,,1015.7,
2024-02-29,7.9,4.4,15,3.8,0,47,7.9,,1017.5,
2024-03-01,13.7,8.3,22.2,0,0,233,12.2,,1015.7,
2024-03-02,15.9,8.9,24.4,0,0,210,19.1,,1011.6,
2024-03-03,18,11.1,24.4,0,0,243,19.8,,1008.2,
2024-03-04,17.5,8.3,22.2,0,0,268,15.8,,1008.8,
2024-03-05,16.6,10,22.2,0,0,230,15.1,,1010.3,
2024-03-06,17.6,12.2,22.8,0,0,225,19.8,,1007.5,
2024-03-07,18.4,11.1,21.1,0,0,264,24.8,,1003.6,
2024-03-08,13,7.8,17.8,0,0,292,19.4,,1011.2,
2024-03-09,10.1,5,16.1,0,0,96,9.4,,1019.1,
2024-03-10,11.1,3.9,19.4,0,0,24,7.2,,1018,
2024-03-11,14.4,5.6,23.9,0,0,100,7.6,,1014.4,
2024-03-12,18.2,11.7,25,0,0,240,16.6,,1010.5,
2024-03-13,18.8,10.6,25,0,0,231,25.6,,1004.9,
2024-03-14,17.4,8.3,23.3,0,0,37,10.4,,1004.5,
2024-03-15,16.7,8.9,19.4,0,0,67,25.6,,1009.9,
2024-03-16,12.4,9.4,20.6,0,0,88,12.2,,1010.9,
2024-03-17,13.7,8.3,21.1,0,0,85,12.6,,1011.3,
2024-03-18,13.4,10,15.6,0.8,0,92,23,,1017.4,
2024-03-19,13.8,11.1,22.2,0,0,56,7.9,,1014.2,
2024-03-20,15.9,10.6,21.7,0,0,295,16.9,,1011.4,
2024-03-21,15.9,11.7,23.9,0,0,261,24.8,,1010.8,
2024-03-22,19.3,10,26.1,0,0,252,10.1,,1012.1,
2024-03-23,19.7,12.2,27.8,0,0,237,18.4,,1006.2,
2024-03-24,18,8.3,20,0,0,257,42.8,,998,
2024-03-25,10,5.6,15.6,0,0,254,32,,1003,
2024-03-26,10.1,5.6,16.1,0.3,0,247,22.3,,1010.6,
2024-03-27,11.7,5.6,20,0,0,271,18.4,,1016.5,
2024-03-28,15.4,5,27.8,0,0,191,10.1,,1013.8,
2024-03-29,22.3,17.8,28.9,0,0,241,28.4,,1006.3,
2024-03-30,22.2,14.4,25,0,0,222,14,,1007.1,
2024-03-31,18.9,12.8,23.3,0,0,321,12.2,,1004.2,
2024-04-01,14.9,8.3,17.2,0.5,0,255,25.6,,1006.6,
2024-04-02,12.4,8.3,18.3,0,0,343,9.7,,1015.9,
2024-04-03,14,3.9,24.4,0,0,261,7.6,,1016.3,
2024-04-04,18.1,6.7,28.3,0,0,167,10.4,,1010.6,
2024-04-05,20.2,10.6,27.2,0,0,244,14.8,,1005.9,
2024-04-06,17.2,10.6,18.3,0,0,286,34.2,,1009.2,
2024-04-07,12.8,3.3,22.2,0,0,128,10.8,,1012.1,
2024-04-08,16,6.1,26.1,0,0,246,10.1,,1004.9,
2024-04-09,16.2,9.4,18.9,0,0,316,16.9,,1007.9,
2024-04-10,14.1,5,26.7,0,0,14,8.3,,1012.9,
2024-04-11,18.8,8.3,28.9,0,0,132,7.2,,1012.7,
2024-04-12,22.1,15.6,29.4,0,0,126,13.3,,1011.3,
2024-04-13,22.3,12.8,30.6,0,0,241,11.5,,1012.5,
2024-04-14,24.4,16.7,30.6,0,0,263,16.9,,1009.9,
2024-04-15,25.3,16.7,30.6,0,0,258,33.5,,1004.5,
2024-04-16,19.8,11.1,27.2,0,0,287,13,,1009.6,
2024-04-17,21.6,10,31.1,0,0,243,12.2,,1009.9,
2024-04-18,24.3,13.9,32.2,0,0,202,14,,1009.4,
2024-04-19,23.3,15.6,30.6,0,0,130,12.2,,1008.5,
2024-04-20,21,12.8,27.2,0,0,113,12.2,,1011.3,
2024-04-21,16.3,10,22.8,0,0,93,15.5,,1017.9,
2024-04-22,17,10.6,30,0,0,55,7.6,,1012.9,
2024-04-23,25.4,17.8,33.3,0,0,250,13.7,,1008.2,
2024-04-24,27.4,18.3,32.8,0,0,253,16.6,,1008.9,
2024-04-25,26.8,20,30.6,0,0,260,31.3,,1004.4,
2024-04-26,22,15.6,28.3,0,0,260,28.4,,1003.3,
2024-04-27,21.7,17.2,25,0,0,284,27.4,,1003.5,
2024-04-28,19.4,12.8,27.2,0,0,305,15.5,,1008.1,
2024-04-29,21.9,12.8,29.4,0,0,299,8.3,,1008.4,
2024-04-30,23.7,13.3,32.8,0,0,274,12.2,,1005.5,
2024-05-01,26.4,18.9,32.8,0,0,259,19.8,,1002.3,
2024-05-02,26.4,20.6,31.1,0,0,271,18,,1004,
2024-05-03,25.4,17.2,32.2,0,0,221,13.7,,1004.4,
2024-05-04,25.3,15.6,32.8,0,0,226,11.5,,1004.3,
2024-05-05,24.5,15.6,32.8,0,0,186,15.5,,1004.6,
2024-05-06,25.6,19.4,30.6,0,0,266,28.4,,1003.2,
2024-05-07,24.4,16.7,31.7,0,0,274,25.6,,1003.6,
2024-05-08,26.2,21.1,31.7,0,0,271,24.5,,1001,
2024-05-09,26,20,31.1,0,0,272,20.5,,1004.7,
2024-05-10,24.7,17.2,30.6,0,0,72,16.2,,1008.1,
2024-05-11,24,17.2,33.3,0,0,168,18.7,,1004.8,
2024-05-12,24.8,16.1,30,0,0,303,18.7,,1004.4,
2024-05-13,25.2,16.7,32.2,0,0,237,9.4,,1005.8,
2024-05-14,25.5,15,33.9,0,0,188,10.8,,1004.5,
2024-05-15,28.4,21.1,33.9,0,0,272,20.9,,1001.3,
2024-05-16,26.3,19.4,30,0,0,317,17.6,,1003.8,
2024-05-17,23.3,13.3,32.8,0,0,245,12.2,,1006.1,
2024-05-18,28.6,18.9,36.1,0,0,221,12.2,,1006.7,
2024-05-19,29.8,22.8,36.1,0,0,260,19.1,,1006.1,
2024-05-20,30.1,22.8,37.2,0,0,280,24.1,,1004.1,
2024-05-21,28.4,22.8,33.9,0,0,285,18.7,,1004.7,
2024-05-22,28.4,18.9,34.4,0,0,237,21.2,,1005.1,
2024-05-23,28.4,18.3,33.9,0,0,257,23.4,,1004.4,
2024-05-24,28.8,22.8,33.9,0,0,254,18.4,,1004.8,
2024-05-25,28.7,22.2,35.6,0,0,250,36.4,,1003.8,
2024-05-26,28.3,20.6,34.4,0,0,294,14.8,,1006.8,
2024-05-27,28.3,16.1,37.2,0,0,236,14.8,,1009,
2024-05-28,30.2,17.2,38.3,0,0,283,13.3,,1007.7,
2024-05-29,30.9,21.7,37.2,0,0,249,14.4,,1008,
2024-05-30,30.7,21.1,36.7,0,0,251,14.4,,1005.6,
2024-05-31,30.2,22.8,37.2,0,0,200,10.8,,1004.9,
2024-06-01,29.6,20,37.8,0,0,158,12.6,,1005.2,
2024-06-02,29.4,20,36.7,0,0,231,19.4,,1004.6,
2024-06-03,31.4,23.9,37.2,0,0,264,20.9,,1003,
2024-06-04,31.1,24.4,36.7,0,0,259,23.4,,1002.7,
2024-06-05,32.3,21.7,40.6,0,0,207,9,,1004.1,
2024-06-06,33.5,22.8,42.2,0,0,144,10.8,,1004.3,
2024-06-07,34.6,26.7,41.7,0,0,171,14,,1004.7,
2024-06-08,34.3,26.7,40,0,0,266,22.3,,1004.3,
2024-06-09,32.4,26.7,36.7,0,0,305,19.8,,1005.7,
2024-06-10,28.8,21.1,35.6,0,0,11,14.4,,1008.2,
2024-06-11,29.6,20.6,38.9,0,0,356,9.4,,1007.3,
2024-06-12,32.6,24.4,41.1,0,0,65,7.9,,1008,
2024-06-13,34.4,24.4,42.8,0,0,70,9.4,,1006.1,
2024-06-14,35,27.2,41.7,0,0,157,14.4,,1004.6,
2024-06-15,33.4,26.1,40,0,0,318,9.7,,1003.6,
2024-06-16,33.1,23.3,41.1,0,0,226,15.1,,1000.8,
2024-06-17,33.8,26.7,39.4,0,0,235,22,,998.3,
2024-06-18,33.4,25.6,38.3,0,0,266,14.4,,1000.2,
2024-06-19,32.2,23.3,41.1,1.8,0,82,18.7,,1004.6,
2024-06-20,27.1,23.3,32.2,0,0,102,29.5,,1011.8,
2024-06-21,26.9,23.3,33.9,0,0,107,23,,1011.6,
2024-06-22,29.3,23.3,37.2,0,0,109,11.9,,1010.3,
2024-06-23,31.3,24.4,39.4,0,0,61,11.5,,1008.4,
2024-06-24,33.2,26.1,40.6,0,0,24,10.1,,1006.3,
2024-06-25,34.4,27.8,42.2,0,0,326,11.2,,1005.1,
2024-06-26,35.5,26.7,42.2,0,0,290,13.7,,1006.5,
2024-06-27,30.8,25.6,36.7,0,0,322,14,,1006.2,
2024-06-28,31.9,27.2,40,0,0,305,9.4,,1003.3,
2024-06-29,34.9,28.9,42.2,0,0,65,16.9,,1004.7,
2024-06-30,31.6,23.9,37.2,16.3,0,58,15.8,,1011.3,
2024-07-01,29,22.8,37.8,0,0,127,14.4,,1009.8,
2024-07-02,31.4,22.8,39.4,6.1,0,340,16.2,,1007.9,
2024-07-03,27.8,22.8,35.6,0,0,335,9.4,,1009.4,
2024-07-04,32.2,26.7,37.2,0,0,205,10.8,,1007.3,
2024-07-05,32.1,22.8,39.4,22.9,0,117,15.5,,1008.3,
2024-07-06,27.1,20.6,36.7,0,0,80,9.7,,1010.4,
2024-07-07,31.1,23.9,40.6,0,0,146,8.3,,1005.7,
2024-07-08,31.1,25,32.8,0,0,90,20.2,,1006.5,
2024-07-09,29,23.9,37.2,0,0,91,15.5,,1011,
2024-07-10,29.8,23.3,37.2,0,0,70,14.4,,1011.7,
2024-07-11,28.9,22.8,36.7,0,0,65,13.3,,1011.7,
2024-07-12,31.2,24.4,36.7,0,0,108,16.2,,1012,
2024-07-13,30.6,23.3,36.7,0,0,74,12.2,,1013,
2024-07-14,31.2,25,37.8,0,0,147,11.9,,1012.4,
2024-07-15,31,24.4,38.3,0,0,150,11.9,,1009.6,
2024-07-16,31.9,25.6,39.4,0,0,135,11.2,,1007.3,
2024-07-17,32.6,24.4,38.3,0,0,91,15.1,,1009.3,
2024-07-18,30.6,25,33.3,0,0,84,16.9,,1013.6,
2024-07-19,28.6,22.8,36.7,0,0,72,11.2,,1012.9,
2024-07-20,31.5,22.8,38.9,0.5,0,39,13,,1010.9,
2024-07-21,26.8,21.1,32.2,0.5,0,36,17.3,,1012.9,
2024-07-22,25.3,20,31.1,3.8,0,68,16.6,,1014.5,
2024-07-23,25.9,20,33.9,0,0,47,12.6,,1015.8,
2024-07-24,28.6,21.7,35.6,0,0,252,6.1,,1017.7,
2024-07-25,30.6,23.3,37.2,0,0,140,8.6,,1016.6,
2024-07-26,30.9,23.3,37.8,0,0,151,10.8,,1011.3,
2024-07-27,31.6,26.1,38.3,0,0,327,10.8,,1009.4,
2024-07-28,32.7,26.7,40,0.3,0,235,15.8,,1009.7,
2024-07-29,31.9,24.4,39.4,0,0,259,11.2,,1011.5,
2024-07-30,33.4,27.2,40,0,0,261,13.3,,1010.7,
2024-07-31,33.2,27.2,37.2,0,0,230,25.2,,1011.3,
2024-08-01,30.9,25.6,38.9,0,0,186,9,,1014.8,
2024-08-02,33.7,26.7,40.6,0,0,109,14,,1015.2,
2024-08-03,32.8,25.6,38.9,0,0,50,11.2,,1014.1,
2024-08-04,32.3,26.1,39.4,0,0,96,10.1,,1011.9,
2024-08-05,30.2,23.9,37.8,0,0,85,14.4,,1013.3,
2024-08-06,30.2,22.8,37.2,0,0,116,7.6,,1017.8,
2024-08-07,31.2,25,37.2,0,0,210,9.4,,1012.1,
2024-08-08,32.6,26.1,40,0,0,233,7.9,,1009,
2024-08-09,32.3,26.1,37.2,0,0,97,20.5,,1011.8,
2024-08-10,31.3,25.6,37.2,0,0,132,10.8,,1014.2,
2024-08-11,31.9,24.4,39.4,0,0,181,9.4,,1012,
2024-08-12,33.1,26.7,40,0,0,204,18.4,,1010.1,
2024-08-13,31.7,23.9,37.2,0.8,0,202,12.2,,1012.1,
2024-08-14,28.7,24.4,36.7,0,0,194,5,,1012.7,
2024-08-15,32.2,25.6,40,0,0,152,11.2,,1011.2,
2024-08-16,32.9,24.4,40.6,0,0,137,9.7,,1011.6,
2024-08-17,33.9,27.2,40.6,0,0,94,15.1,,1011,
2024-08-18,33.2,26.7,39.4,0,0,95,11.9,,1011.8,
2024-08-19,33.3,26.1,40,0,0,110,13.7,,1013.1,
2024-08-20,32.5,25.6,38.9,0,0,136,9.4,,1014.2,
2024-08-21,32.4,25.6,39.4,0,0,177,12.6,,1013.3,
2024-08-22,33,26.1,39.4,0,0,223,15.1,,1012.4,
2024-08-23,31.9,26.1,39.4,0,0,181,10.8,,1011.8,
2024-08-24,31.5,22.8,38.3,0,0,193,10.8,,1013.8,
2024-08-25,31.7,25,38.3,0.5,0,88,11.9,,1012.6,
2024-08-26,31.1,20.6,36.7,3.6,0,51,16.2,,1014.7,
2024-08-27,24.9,20,29.4,9.9,0,41,15.1,,1014.1,
2024-08-28,27.1,23.9,32.8,0,0,315,7.9,,1012.2,
2024-08-29,28.2,21.7,35.6,0,0,222,9.7,,1011.1,
2024-08-30,29.2,22.2,34.4,0.5,0,53,15.1,,1013.2,
2024-08-31,25.3,21.7,30.6,0,0,75,13.3,,1013.8,
2024-09-01,25.3,21.1,29.4,0,0,80,12.2,,1012,
2024-09-02,23.4,18.3,25.6,11.9,0,64,14,,1012.3,
2024-09-03,21.7,16.7,28.3,0,0,101,9,,1014.6,
2024-09-04,23.5,18.9,30.6,0,0,112,8.6,,1017.4,
2024-09-05,26.1,20,32.2,0,0,94,13.7,,1017.8,
2024-09-06,26.1,21.1,31.1,0,0,64,16.9,,1019.9,
2024-09-07,25.8,20.6,31.1,0,0,94,14,,1018.3,
2024-09-08,25.2,18.9,31.1,0,0,108,13,,1016.5,
2024-09-09,25.3,16.1,31.7,0,0,107,9.4,,1015.5,
2024-09-10,25.5,16.7,33.9,0,0,150,3.6,,1011.6,
2024-09-11,27.5,18.3,36.1,0,0,197,9.4,,1008.4,
2024-09-12,28.5,20,36.7,0,0,175,13.3,,1005.4,
2024-09-13,29.7,22.8,36.7,0,0,216,13,,1007.8,
2024-09-14,31.1,25,36.7,0,0,193,11.2,,1009.2,
2024-09-15,28.1,21.1,35,0,0,154,13.3,,1009.1,
2024-09-16,28.3,21.7,35.6,0,0,134,10.4,,1008.9,
2024-09-17,29.9,23.3,36.1,0,0,244,11.5,,1007.4,
2024-09-18,29.1,21.1,35,0,0,278,7.9,,1007,
2024-09-19,28.3,19.4,36.1,0,0,84,6.5,,1008.1,
2024-09-20,29.3,23.3,36.7,0.8,0,320,7.5,,1006.2,
2024-09-21,29.4,21.7,35.6,0,0,233,15.1,,1005.8,
2024-09-22,26.5,18.9,32.2,0,0,2,11.9,,1009.9,
2024-09-23,24.1,16.7,32.2,0,0,80,9,,1011.1,
2024-09-24,26.8,20,34.4,0,0,21,7.2,,1010.6,
2024-09-25,27.6,20.6,33.9,0,0,74,12.6,,1011.5,
2024-09-26,27.3,18.9,34.4,0,0,58,4.3,,1011,
2024-09-27,28,20,37.8,0,0,39,5,,1010.6,
2024-09-28,28.8,20,35.6,0,0,60,11.5,,1013.2,
2024-09-29,27.2,20,33.9,0,0,71,8.6,,1014.2,
2024-09-30,26.6,16.7,35.6,0,0,178,6.5,,1012.3,
2024-10-01,26.9,18.3,31.1,0,0,70,16.6,,1017.3,
2024-10-02,24.5,17.8,31.7,0,0,57,6.8,,1015.7,
2024-10-03,24.5,16.7,33.9,0,0,168,8.6,,1010.8,
2024-10-04,25.6,17.8,32.8,0,0,69,14,,1016.2,
2024-10-05,24.6,15,31.7,0,0,169,6.1,,1016.6,
2024-10-06,25.6,17.2,35.6,0,0,71,11.2,,1015.4,
2024-10-07,25.4,17.2,32.2,0,0,54,11.2,,1015.5,
2024-10-08,24.5,16.1,31.1,0,0,100,5.4,,1014.1,
2024-10-09,24.8,16.1,33.3,0,0,139,5,,1014.9,
2024-10-10,25.1,16.1,33.9,0,0,188,4.7,,1016.4,
2024-10-11,25.3,17.2,34.4,0,0,196,4.7,,1017.6,
2024-10-12,25.7,16.7,34.4,0,0,175,7.6,,1016.8,
2024-10-13,25.2,16.1,32.8,0,0,140,9,,1016.6,
2024-10-14,24.4,14.4,32.2,0,0,62,6.8,,1017.6,
2024-10-15,24.4,17.8,32.2,0,0,11,6.1,,1015.2,
2024-10-16,22.7,16.7,26.1,0,0,72,18.7,,1018.7,
2024-10-17,20.2,16.7,26.1,0,0,111,13,,1012.6,
2024-10-18,21.1,15.6,28.3,0,0,173,17.6,,1009.4,
2024-10-19,22.3,14.4,27.8,1.3,0,88,13,,1013.9,
2024-10-20,20.5,15,30.6,0,0,15,11.5,,1017.1,
2024-10-21,21.6,13.9,28.9,0,0,26,10.8,,1017.1,
2024-10-22,21.4,13.9,31.1,0,0,10,13.7,,1017.8,
2024-10-23,22.7,15,32.8,0,0,11,9,,1018.1,
2024-10-24,23.3,13.9,33.9,0,0,219,9.4,,1013.4,
2024-10-25,22.3,13.3,29.4,0,0,56,10.9,,1017.7,
2024-10-26,7.6,2.2,18.3,3,,32,7.2,,1020.6,
2024-10-27,13.9,2.2,18.9,0,,81,7.2,,1017.8,
2024-10-28,12.3,5.6,19.4,0,,193,14.3,,1009.1,
2024-10-29,15.8,5.6,21.7,0,,224,26.7,,1003.8,
2024-10-30,11.6,3.9,21.7,0,,298,20.8,,1011.7,
2024-10-31,15.4,8.1,22.5,,,50,10.8,,1016.1,
